trail,objectid,title,relative_link,nexttitle,nextobjectid,nextlink,prevtitle,prevobjectid,prevlink
Carlton Loop,brad-smith-encounter-beehive-lakes,Brad Smith on Encounter at Beehive Lakes,mapitem.html?id=brad-smith-encounter-beehive-lakes,Muley Buck,salmopriest-criticalhabitat-littlesnowyridgefunnel-imag0314,mapitem.html?id=salmopriest-criticalhabitat-littlesnowyridgefunnel-imag0314,,,
Carlton Loop,salmopriest-criticalhabitat-littlesnowyridgefunnel-imag0314,Muley Buck,mapitem.html?id=salmopriest-criticalhabitat-littlesnowyridgefunnel-imag0314,Whitetail Doe Quartering Away,salmopriest-criticalhabitat-littlesnowyridgefunnel-imag0227,mapitem.html?id=salmopriest-criticalhabitat-littlesnowyridgefunnel-imag0227,Brad Smith on Encounter at Beehive Lakes,brad-smith-encounter-beehive-lakes,mapitem.html?id=brad-smith-encounter-beehive-lakes
Carlton Loop,salmopriest-criticalhabitat-littlesnowyridgefunnel-imag0227,Whitetail Doe Quartering Away,mapitem.html?id=salmopriest-criticalhabitat-littlesnowyridgefunnel-imag0227,Ground Squirrel Songbird Encounter,salmopriest-criticalhabitat-littlesnowyridgefunnel-imag0212,mapitem.html?id=salmopriest-criticalhabitat-littlesnowyridgefunnel-imag0212,Muley Buck,salmopriest-criticalhabitat-littlesnowyridgefunnel-imag0314,mapitem.html?id=salmopriest-criticalhabitat-littlesnowyridgefunnel-imag0314
Carlton Loop,salmopriest-criticalhabitat-littlesnowyridgefunnel-imag0212,Ground Squirrel Songbird Encounter,mapitem.html?id=salmopriest-criticalhabitat-littlesnowyridgefunnel-imag0212,Caribou Ghosts,salmopriest-criticalhabitat-littlesnowyridgefunnel-imag0246,mapitem.html?id=salmopriest-criticalhabitat-littlesnowyridgefunnel-imag0246,Whitetail Doe Quartering Away,salmopriest-criticalhabitat-littlesnowyridgefunnel-imag0227,mapitem.html?id=salmopriest-criticalhabitat-littlesnowyridgefunnel-imag0227
Carlton Loop,salmopriest-criticalhabitat-littlesnowyridgefunnel-imag0246,Caribou Ghosts,mapitem.html?id=salmopriest-criticalhabitat-littlesnowyridgefunnel-imag0246,Foxtrot,salmopriest-criticalhabitat-littlesnowyridgefunnel-imag0309,mapitem.html?id=salmopriest-criticalhabitat-littlesnowyridgefunnel-imag0309,Ground Squirrel Songbird Encounter,salmopriest-criticalhabitat-littlesnowyridgefunnel-imag0212,mapitem.html?id=salmopriest-criticalhabitat-littlesnowyridgefunnel-imag0212
Carlton Loop,salmopriest-criticalhabitat-littlesnowyridgefunnel-imag0309,Foxtrot,mapitem.html?id=salmopriest-criticalhabitat-littlesnowyridgefunnel-imag0309,Bull In The Fog,salmopriest-criticalhabitat-littlesnowyridgefunnel-imag0226,mapitem.html?id=salmopriest-criticalhabitat-littlesnowyridgefunnel-imag0226,Caribou Ghosts,salmopriest-criticalhabitat-littlesnowyridgefunnel-imag0246,mapitem.html?id=salmopriest-criticalhabitat-littlesnowyridgefunnel-imag0246
Carlton Loop,salmopriest-criticalhabitat-littlesnowyridgefunnel-imag0226,Bull In The Fog,mapitem.html?id=salmopriest-criticalhabitat-littlesnowyridgefunnel-imag0226,Midday Wind,salmopriest-criticalhabitat-littlesnowyridgefunnel-imag0240,mapitem.html?id=salmopriest-criticalhabitat-littlesnowyridgefunnel-imag0240,Foxtrot,salmopriest-criticalhabitat-littlesnowyridgefunnel-imag0309,mapitem.html?id=salmopriest-criticalhabitat-littlesnowyridgefunnel-imag0309
Carlton Loop,salmopriest-criticalhabitat-littlesnowyridgefunnel-imag0240,Midday Wind,mapitem.html?id=salmopriest-criticalhabitat-littlesnowyridgefunnel-imag0240,"Wayne Wakkinen ""a single smooth wire""",wayne-wakkinen-single-wire,mapitem.html?id=wayne-wakkinen-single-wire,Bull In The Fog,salmopriest-criticalhabitat-littlesnowyridgefunnel-imag0226,mapitem.html?id=salmopriest-criticalhabitat-littlesnowyridgefunnel-imag0226
Carlton Loop,wayne-wakkinen-single-wire,"Wayne Wakkinen ""a single smooth wire""",mapitem.html?id=wayne-wakkinen-single-wire,Morning Tree,ballcreek-cedarrub-morningtree,mapitem.html?id=ballcreek-cedarrub-morningtree,Midday Wind,salmopriest-criticalhabitat-littlesnowyridgefunnel-imag0240,mapitem.html?id=salmopriest-criticalhabitat-littlesnowyridgefunnel-imag0240
Carlton Loop,ballcreek-cedarrub-morningtree,Morning Tree,mapitem.html?id=ballcreek-cedarrub-morningtree,Passing Through,ballcreek-cedarrub-moosepassesthrough,mapitem.html?id=ballcreek-cedarrub-moosepassesthrough,"Wayne Wakkinen ""a single smooth wire""",wayne-wakkinen-single-wire,mapitem.html?id=wayne-wakkinen-single-wire
Carlton Loop,ballcreek-cedarrub-moosepassesthrough,Passing Through,mapitem.html?id=ballcreek-cedarrub-moosepassesthrough,Investigates Rub,ballcreek-cedarrub-bullelkinvestigatesbearrub2,mapitem.html?id=ballcreek-cedarrub-bullelkinvestigatesbearrub2,Morning Tree,ballcreek-cedarrub-morningtree,mapitem.html?id=ballcreek-cedarrub-morningtree
Carlton Loop,ballcreek-cedarrub-bullelkinvestigatesbearrub2,Investigates Rub,mapitem.html?id=ballcreek-cedarrub-bullelkinvestigatesbearrub2,Hiker Investigates,ballcreek-cedarrub-hikerinvestigates,mapitem.html?id=ballcreek-cedarrub-hikerinvestigates,Passing Through,ballcreek-cedarrub-moosepassesthrough,mapitem.html?id=ballcreek-cedarrub-moosepassesthrough
Carlton Loop,ballcreek-cedarrub-hikerinvestigates,Hiker Investigates,mapitem.html?id=ballcreek-cedarrub-hikerinvestigates,Cinnamon Investigates,ballcreek-cedarrub-cinnamonbearinvestigatestree2-vid,mapitem.html?id=ballcreek-cedarrub-cinnamonbearinvestigatestree2-vid,Investigates Rub,ballcreek-cedarrub-bullelkinvestigatesbearrub2,mapitem.html?id=ballcreek-cedarrub-bullelkinvestigatesbearrub2
Carlton Loop,ballcreek-cedarrub-cinnamonbearinvestigatestree2-vid,Cinnamon Investigates,mapitem.html?id=ballcreek-cedarrub-cinnamonbearinvestigatestree2-vid,Night Bird,ballcreek-cedarrub-nightbird,mapitem.html?id=ballcreek-cedarrub-nightbird,Hiker Investigates,ballcreek-cedarrub-hikerinvestigates,mapitem.html?id=ballcreek-cedarrub-hikerinvestigates
Carlton Loop,ballcreek-cedarrub-nightbird,Night Bird,mapitem.html?id=ballcreek-cedarrub-nightbird,Dave Boswell On Jasper Carlton and Mountain Caribou Protection,dave-boswell-jasper-carlton ,mapitem.html?id=dave-boswell-jasper-carlton ,Cinnamon Investigates,ballcreek-cedarrub-cinnamonbearinvestigatestree2-vid,mapitem.html?id=ballcreek-cedarrub-cinnamonbearinvestigatestree2-vid
Carlton Loop,dave-boswell-jasper-carlton ,Dave Boswell On Jasper Carlton and Mountain Caribou Protection,mapitem.html?id=dave-boswell-jasper-carlton ,Selkirk Ghosts,salmopriest-criticalhabitat-criticalhabitatridgelinesouth-imag0006,mapitem.html?id=salmopriest-criticalhabitat-criticalhabitatridgelinesouth-imag0006,Night Bird,ballcreek-cedarrub-nightbird,mapitem.html?id=ballcreek-cedarrub-nightbird
Carlton Loop,salmopriest-criticalhabitat-criticalhabitatridgelinesouth-imag0006,Selkirk Ghosts,mapitem.html?id=salmopriest-criticalhabitat-criticalhabitatridgelinesouth-imag0006,Dont Look Back...,salmopriest-criticalhabitat-wolfpipe-imag0048,mapitem.html?id=salmopriest-criticalhabitat-wolfpipe-imag0048,Dave Boswell On Jasper Carlton and Mountain Caribou Protection,dave-boswell-jasper-carlton ,mapitem.html?id=dave-boswell-jasper-carlton 
Carlton Loop,salmopriest-criticalhabitat-wolfpipe-imag0048,Dont Look Back...,mapitem.html?id=salmopriest-criticalhabitat-wolfpipe-imag0048,Something Might Be Gaining On You,salmopriest-criticalhabitat-wolfpipe-imag0053,mapitem.html?id=salmopriest-criticalhabitat-wolfpipe-imag0053,Selkirk Ghosts,salmopriest-criticalhabitat-criticalhabitatridgelinesouth-imag0006,mapitem.html?id=salmopriest-criticalhabitat-criticalhabitatridgelinesouth-imag0006
Carlton Loop,salmopriest-criticalhabitat-wolfpipe-imag0053,Something Might Be Gaining On You,mapitem.html?id=salmopriest-criticalhabitat-wolfpipe-imag0053,,,,Dont Look Back...,salmopriest-criticalhabitat-wolfpipe-imag0048,mapitem.html?id=salmopriest-criticalhabitat-wolfpipe-imag0048
Old Growth Trail,greg-servheen-on-ecology,Greg Servheen on Ecology,mapitem.html?id=greg-servheen-on-ecology,Wet Bear,ballcreek-cedarrub-wetblackbearrubdismount,mapitem.html?id=ballcreek-cedarrub-wetblackbearrubdismount,,,
Old Growth Trail,ballcreek-cedarrub-wetblackbearrubdismount,Wet Bear,mapitem.html?id=ballcreek-cedarrub-wetblackbearrubdismount,,,,Greg Servheen on Ecology,greg-servheen-on-ecology,mapitem.html?id=greg-servheen-on-ecology
Old Growth Trail,ballcreek-cedarrub-bullelkapproach,Bull Approach,mapitem.html?id=ballcreek-cedarrub-bullelkapproach,Investigates Rub,ballcreek-cedarrub-bullelkinvestigatesblackbearrub,mapitem.html?id=ballcreek-cedarrub-bullelkinvestigatesblackbearrub,Wet Bear,ballcreek-cedarrub-wetblackbearrubdismount,mapitem.html?id=ballcreek-cedarrub-wetblackbearrubdismount
Old Growth Trail,ballcreek-cedarrub-bullelkinvestigatesblackbearrub,Investigates Rub,mapitem.html?id=ballcreek-cedarrub-bullelkinvestigatesblackbearrub,Moose Investigates,ballcreek-cedarrub-mooseinvestigatestree-vid,mapitem.html?id=ballcreek-cedarrub-mooseinvestigatestree-vid,Bull Approach,ballcreek-cedarrub-bullelkapproach,mapitem.html?id=ballcreek-cedarrub-bullelkapproach
Old Growth Trail,ballcreek-cedarrub-mooseinvestigatestree-vid,Moose Investigates,mapitem.html?id=ballcreek-cedarrub-mooseinvestigatestree-vid,Night Bird,ballcreek-cedarrub-nightbird,mapitem.html?id=ballcreek-cedarrub-nightbird,Investigates Rub,ballcreek-cedarrub-bullelkinvestigatesblackbearrub,mapitem.html?id=ballcreek-cedarrub-bullelkinvestigatesblackbearrub
Old Growth Trail,ballcreek-cedarrub-nightbird,Night Bird,mapitem.html?id=ballcreek-cedarrub-nightbird,Family Passes Tree,ballcreek-cedarrub-familypassestree,mapitem.html?id=ballcreek-cedarrub-familypassestree,Moose Investigates,ballcreek-cedarrub-mooseinvestigatestree-vid,mapitem.html?id=ballcreek-cedarrub-mooseinvestigatestree-vid
Old Growth Trail,ballcreek-cedarrub-familypassestree,Family Passes Tree,mapitem.html?id=ballcreek-cedarrub-familypassestree,,ballcreek-cedarrub-moosepassesthrough,mapitem.html?id=ballcreek-cedarrub-moosepassesthrough,Night Bird,ballcreek-cedarrub-nightbird,mapitem.html?id=ballcreek-cedarrub-nightbird
Old Growth Trail,ballcreek-cedarrub-moosepassesthrough,,mapitem.html?id=ballcreek-cedarrub-moosepassesthrough,Cinnamon Bear Rubs 2.0,cinnamon-bear-rubs-2-0,mapitem.html?id=cinnamon-bear-rubs-2-0,Family Passes Tree,ballcreek-cedarrub-familypassestree,mapitem.html?id=ballcreek-cedarrub-familypassestree
Old Growth Trail,cinnamon-bear-rubs-2-0,Cinnamon Bear Rubs 2.0,mapitem.html?id=cinnamon-bear-rubs-2-0,Decker,ballcreek-cedarrub-deckerfacescam,mapitem.html?id=ballcreek-cedarrub-deckerfacescam,,ballcreek-cedarrub-moosepassesthrough,mapitem.html?id=ballcreek-cedarrub-moosepassesthrough
Old Growth Trail,ballcreek-cedarrub-deckerfacescam,Decker,mapitem.html?id=ballcreek-cedarrub-deckerfacescam,Chimney Rock Encounter,chimney-rock-encounter,mapitem.html?id=chimney-rock-encounter,Cinnamon Bear Rubs 2.0,cinnamon-bear-rubs-2-0,mapitem.html?id=cinnamon-bear-rubs-2-0
Old Growth Trail,chimney-rock-encounter,Chimney Rock Encounter,mapitem.html?id=chimney-rock-encounter,Ungulate Highways: In Search of Mountain Caribou,,mapitem.html?id=,Decker,ballcreek-cedarrub-deckerfacescam,mapitem.html?id=ballcreek-cedarrub-deckerfacescam
Old Growth Trail,,Ungulate Highways: In Search of Mountain Caribou,mapitem.html?id=,kǂawǂa,salmopriest-criticalhabitat-bearpipe-grizzlybear,mapitem.html?id=salmopriest-criticalhabitat-bearpipe-grizzlybear,Chimney Rock Encounter,chimney-rock-encounter,mapitem.html?id=chimney-rock-encounter
Old Growth Trail,salmopriest-criticalhabitat-bearpipe-grizzlybear,kǂawǂa,mapitem.html?id=salmopriest-criticalhabitat-bearpipe-grizzlybear,Evening,salmopriest-criticalhabitat-bearpipe-imag0364,mapitem.html?id=salmopriest-criticalhabitat-bearpipe-imag0364,Ungulate Highways: In Search of Mountain Caribou,,mapitem.html?id=
Old Growth Trail,salmopriest-criticalhabitat-bearpipe-imag0364,Evening,mapitem.html?id=salmopriest-criticalhabitat-bearpipe-imag0364,Spooked,salmopriest-criticalhabitat-bearpipe-imag0376,mapitem.html?id=salmopriest-criticalhabitat-bearpipe-imag0376,kǂawǂa,salmopriest-criticalhabitat-bearpipe-grizzlybear,mapitem.html?id=salmopriest-criticalhabitat-bearpipe-grizzlybear
Old Growth Trail,salmopriest-criticalhabitat-bearpipe-imag0376,Spooked,mapitem.html?id=salmopriest-criticalhabitat-bearpipe-imag0376,Night Owl,salmopriest-criticalhabitat-bearpipe-imag0024,mapitem.html?id=salmopriest-criticalhabitat-bearpipe-imag0024,Evening,salmopriest-criticalhabitat-bearpipe-imag0364,mapitem.html?id=salmopriest-criticalhabitat-bearpipe-imag0364
Old Growth Trail,salmopriest-criticalhabitat-bearpipe-imag0024,Night Owl,mapitem.html?id=salmopriest-criticalhabitat-bearpipe-imag0024,Bumbling Sunrise,Bumbling Sunrise,mapitem.html?id=Bumbling Sunrise,Spooked,salmopriest-criticalhabitat-bearpipe-imag0376,mapitem.html?id=salmopriest-criticalhabitat-bearpipe-imag0376
Old Growth Trail,Bumbling Sunrise,Bumbling Sunrise,mapitem.html?id=Bumbling Sunrise,Dave Boswell and the Face of God,dave-boswell-and-the-face-of-god,mapitem.html?id=dave-boswell-and-the-face-of-god,Night Owl,salmopriest-criticalhabitat-bearpipe-imag0024,mapitem.html?id=salmopriest-criticalhabitat-bearpipe-imag0024
Old Growth Trail,dave-boswell-and-the-face-of-god,Dave Boswell and the Face of God,mapitem.html?id=dave-boswell-and-the-face-of-god,,,,Bumbling Sunrise,Bumbling Sunrise,mapitem.html?id=Bumbling Sunrise
Encounter Loop,chimney-rock-encounter,Chimney Rock Encounter,mapitem.html?id=chimney-rock-encounter,Waters Edge,twomouth-unnamedlake-imag0007,mapitem.html?id=twomouth-unnamedlake-imag0007,,,
Encounter Loop,twomouth-unnamedlake-imag0007,Waters Edge,mapitem.html?id=twomouth-unnamedlake-imag0007,Reflection,twomouth-unnamedlake-imag0010,mapitem.html?id=twomouth-unnamedlake-imag0010,Chimney Rock Encounter,chimney-rock-encounter,mapitem.html?id=chimney-rock-encounter
Encounter Loop,twomouth-unnamedlake-imag0010,Reflection,mapitem.html?id=twomouth-unnamedlake-imag0010,Sleet,twomouth-unnamedlake-imag0032,mapitem.html?id=twomouth-unnamedlake-imag0032,Waters Edge,twomouth-unnamedlake-imag0007,mapitem.html?id=twomouth-unnamedlake-imag0007
Encounter Loop,twomouth-unnamedlake-imag0032,Sleet,mapitem.html?id=twomouth-unnamedlake-imag0032,Man With Dog,twomouth-unnamedlake-imag0047,mapitem.html?id=twomouth-unnamedlake-imag0047,Reflection,twomouth-unnamedlake-imag0010,mapitem.html?id=twomouth-unnamedlake-imag0010
Encounter Loop,twomouth-unnamedlake-imag0047,Man With Dog,mapitem.html?id=twomouth-unnamedlake-imag0047,On The Prowl,twomouth-unnamedlake-imag15,mapitem.html?id=twomouth-unnamedlake-imag15,Sleet,twomouth-unnamedlake-imag0032,mapitem.html?id=twomouth-unnamedlake-imag0032
Encounter Loop,twomouth-unnamedlake-imag15,On The Prowl,mapitem.html?id=twomouth-unnamedlake-imag15,Predator,twomouth-unnamedlake-imag0061,mapitem.html?id=twomouth-unnamedlake-imag0061,Man With Dog,twomouth-unnamedlake-imag0047,mapitem.html?id=twomouth-unnamedlake-imag0047
Encounter Loop,twomouth-unnamedlake-imag0061,Predator,mapitem.html?id=twomouth-unnamedlake-imag0061,Kit,twomouth-unnamedlake-imag0068,mapitem.html?id=twomouth-unnamedlake-imag0068,On The Prowl,twomouth-unnamedlake-imag15,mapitem.html?id=twomouth-unnamedlake-imag15
Encounter Loop,twomouth-unnamedlake-imag0068,Kit,mapitem.html?id=twomouth-unnamedlake-imag0068,Rumps,twomouth-unnamedlake-imag0058,mapitem.html?id=twomouth-unnamedlake-imag0058,Predator,twomouth-unnamedlake-imag0061,mapitem.html?id=twomouth-unnamedlake-imag0061
Encounter Loop,twomouth-unnamedlake-imag0058,Rumps,mapitem.html?id=twomouth-unnamedlake-imag0058,Shadow Puppet,twomouth-unnamedlake-imag0124,mapitem.html?id=twomouth-unnamedlake-imag0124,Kit,twomouth-unnamedlake-imag0068,mapitem.html?id=twomouth-unnamedlake-imag0068
Encounter Loop,twomouth-unnamedlake-imag0124,Shadow Puppet,mapitem.html?id=twomouth-unnamedlake-imag0124,Greg Johnson on Habitat Alteration and Predation,greg-johnson-habitat-alteration,mapitem.html?id=greg-johnson-habitat-alteration,Rumps,twomouth-unnamedlake-imag0058,mapitem.html?id=twomouth-unnamedlake-imag0058
Encounter Loop,greg-johnson-habitat-alteration,Greg Johnson on Habitat Alteration and Predation,mapitem.html?id=greg-johnson-habitat-alteration,Two Mouth Lakes Encounter,two-mouth-lakes-encounter,mapitem.html?id=two-mouth-lakes-encounter,Shadow Puppet,twomouth-unnamedlake-imag0124,mapitem.html?id=twomouth-unnamedlake-imag0124
Encounter Loop,two-mouth-lakes-encounter,Two Mouth Lakes Encounter,mapitem.html?id=two-mouth-lakes-encounter,Dont Look Back...,salmopriest-criticalhabitat-wolfpipe-imag0048,mapitem.html?id=salmopriest-criticalhabitat-wolfpipe-imag0048,Greg Johnson on Habitat Alteration and Predation,greg-johnson-habitat-alteration,mapitem.html?id=greg-johnson-habitat-alteration
Encounter Loop,salmopriest-criticalhabitat-wolfpipe-imag0048,Dont Look Back...,mapitem.html?id=salmopriest-criticalhabitat-wolfpipe-imag0048,Something Might Be Gaining On You,salmopriest-criticalhabitat-wolfpipe-imag0053,mapitem.html?id=salmopriest-criticalhabitat-wolfpipe-imag0053,Two Mouth Lakes Encounter,two-mouth-lakes-encounter,mapitem.html?id=two-mouth-lakes-encounter
Encounter Loop,salmopriest-criticalhabitat-wolfpipe-imag0053,Something Might Be Gaining On You,mapitem.html?id=salmopriest-criticalhabitat-wolfpipe-imag0053,Grass Munch,salmopriest-criticalhabitat-wolfpipe-imag0122,mapitem.html?id=salmopriest-criticalhabitat-wolfpipe-imag0122,Dont Look Back...,salmopriest-criticalhabitat-wolfpipe-imag0048,mapitem.html?id=salmopriest-criticalhabitat-wolfpipe-imag0048
Encounter Loop,salmopriest-criticalhabitat-wolfpipe-imag0122,Grass Munch,mapitem.html?id=salmopriest-criticalhabitat-wolfpipe-imag0122,Windy Saddle,salmopriest-criticalhabitat-littlesnowysaddlesouth-imag0024,mapitem.html?id=salmopriest-criticalhabitat-littlesnowysaddlesouth-imag0024,Something Might Be Gaining On You,salmopriest-criticalhabitat-wolfpipe-imag0053,mapitem.html?id=salmopriest-criticalhabitat-wolfpipe-imag0053
Encounter Loop,salmopriest-criticalhabitat-littlesnowysaddlesouth-imag0024,Windy Saddle,mapitem.html?id=salmopriest-criticalhabitat-littlesnowysaddlesouth-imag0024,Windier Saddle,salmopriest-criticalhabitat-littlesnowysaddlesouth-imag0025,mapitem.html?id=salmopriest-criticalhabitat-littlesnowysaddlesouth-imag0025,Grass Munch,salmopriest-criticalhabitat-wolfpipe-imag0122,mapitem.html?id=salmopriest-criticalhabitat-wolfpipe-imag0122
Encounter Loop,salmopriest-criticalhabitat-littlesnowysaddlesouth-imag0025,Windier Saddle,mapitem.html?id=salmopriest-criticalhabitat-littlesnowysaddlesouth-imag0025,Storming Saddle,salmopriest-criticalhabitat-littlesnowysaddlesouth-imag0026,mapitem.html?id=salmopriest-criticalhabitat-littlesnowysaddlesouth-imag0026,Windy Saddle,salmopriest-criticalhabitat-littlesnowysaddlesouth-imag0024,mapitem.html?id=salmopriest-criticalhabitat-littlesnowysaddlesouth-imag0024
Encounter Loop,salmopriest-criticalhabitat-littlesnowysaddlesouth-imag0026,Storming Saddle,mapitem.html?id=salmopriest-criticalhabitat-littlesnowysaddlesouth-imag0026,Dusky Morning,salmopriest-criticalhabitat-littlesnowysaddlesouth-imag0011,mapitem.html?id=salmopriest-criticalhabitat-littlesnowysaddlesouth-imag0011,Windier Saddle,salmopriest-criticalhabitat-littlesnowysaddlesouth-imag0025,mapitem.html?id=salmopriest-criticalhabitat-littlesnowysaddlesouth-imag0025
Encounter Loop,salmopriest-criticalhabitat-littlesnowysaddlesouth-imag0011,Dusky Morning,mapitem.html?id=salmopriest-criticalhabitat-littlesnowysaddlesouth-imag0011,Buck at Sunrise,salmopriest-criticalhabitat-littlesnowysaddlesouth-imag0021,mapitem.html?id=salmopriest-criticalhabitat-littlesnowysaddlesouth-imag0021,Storming Saddle,salmopriest-criticalhabitat-littlesnowysaddlesouth-imag0026,mapitem.html?id=salmopriest-criticalhabitat-littlesnowysaddlesouth-imag0026
Encounter Loop,salmopriest-criticalhabitat-littlesnowysaddlesouth-imag0021,Buck at Sunrise,mapitem.html?id=salmopriest-criticalhabitat-littlesnowysaddlesouth-imag0021,Earnie's Story ,earnie-story,mapitem.html?id=earnie-story,Dusky Morning,salmopriest-criticalhabitat-littlesnowysaddlesouth-imag0011,mapitem.html?id=salmopriest-criticalhabitat-littlesnowysaddlesouth-imag0011
Encounter Loop,earnie-story,Earnie's Story ,mapitem.html?id=earnie-story,,,mapitem.html?id=two-mouth-lakes-encounter,Buck at Sunrise,salmopriest-criticalhabitat-littlesnowysaddlesouth-imag0021,mapitem.html?id=salmopriest-criticalhabitat-littlesnowysaddlesouth-imag0021
Two Mouth Meadow Trail,two-mouth-lakes-encounter,Two Mouth Lakes Encounter,mapitem.html?id=two-mouth-lakes-encounter,Morning Shower,two-mouth-meadow-imag0059,mapitem.html?id=two-mouth-meadow-imag0059,,,
Two Mouth Meadow Trail,two-mouth-meadow-imag0059,Morning Shower,mapitem.html?id=two-mouth-meadow-imag0059,Sunsplash,two-mouth-meadow-imag0096,mapitem.html?id=Sunsplash,Two Mouth Lakes Encounter,two-mouth-lakes-encounter,mapitem.html?id=two-mouth-lakes-encounter
Two Mouth Meadow Trail,two-mouth-meadow-imag0096,Sunsplash,mapitem.html?id=two-mouth-meadow-imag0096,Doe Sundance,two-mouth-meadow-imag0166,mapitem.html?id=Doe Sundance,Morning Shower,two-mouth-meadow-imag0059,mapitem.html?id=two-mouth-meadow-imag0059
Two Mouth Meadow Trail,two-mouth-meadow-imag0166,Doe Sundance,mapitem.html?id=two-mouth-meadow-imag0166,Doe Sundance,two-mouth-meadow-imag0168,mapitem.html?id=Doe Sundance,Sunsplash,two-mouth-meadow-imag0096,mapitem.html?id=two-mouth-meadow-imag0096
Two Mouth Meadow Trail,two-mouth-meadow-imag0168,Doe Sundance,mapitem.html?id=two-mouth-meadow-imag0168,Hiker Center,two-mouth-meadow-imag0062,mapitem.html?id=Hiker Center,Doe Sundance,two-mouth-meadow-imag0166,mapitem.html?id=two-mouth-meadow-imag0166
Two Mouth Meadow Trail,two-mouth-meadow-imag0062,Hiker Center,mapitem.html?id=two-mouth-meadow-imag0062,Frolicking,two-mouth-meadow-imag0196,mapitem.html?id=Frolicking,Doe Sundance,two-mouth-meadow-imag0168,mapitem.html?id=two-mouth-meadow-imag0168
Two Mouth Meadow Trail,two-mouth-meadow-imag0196,Frolicking,mapitem.html?id=two-mouth-meadow-imag0196,Humming Bird,two-mouth-meadow-imag206,mapitem.html?id=Humming Bird,Hiker Center,two-mouth-meadow-imag0062,mapitem.html?id=two-mouth-meadow-imag0062
Two Mouth Meadow Trail,two-mouth-meadow-imag206,Humming Bird,mapitem.html?id=two-mouth-meadow-imag206,Doe Before Dawn,two-mouth-meadow-imag0042,mapitem.html?id=Doe Before Dawn,Frolicking,two-mouth-meadow-imag0196,mapitem.html?id=two-mouth-meadow-imag0196
Two Mouth Meadow Trail,two-mouth-meadow-imag0042,Doe Before Dawn,mapitem.html?id=two-mouth-meadow-imag0042,Greg Servheen Mountain Caribou Predation Story,greg-servheen-predation ,mapitem.html?id=Greg Servheen Mountain Caribou Predation Story,Humming Bird,two-mouth-meadow-imag206,mapitem.html?id=two-mouth-meadow-imag206
Two Mouth Meadow Trail,greg-servheen-predation ,Greg Servheen Mountain Caribou Predation Story,mapitem.html?id=greg-servheen-predation ,Petrichor,twomouth-unnamedlake-imag0038,mapitem.html?id=Petrichor,Doe Before Dawn,two-mouth-meadow-imag0042,mapitem.html?id=two-mouth-meadow-imag0042
Two Mouth Meadow Trail,twomouth-unnamedlake-imag0038,Petrichor,mapitem.html?id=twomouth-unnamedlake-imag0038,Cow in Rain,twomouth-unnamedlake-imag0085,mapitem.html?id=Cow in Rain,Greg Servheen Mountain Caribou Predation Story,greg-servheen-predation ,mapitem.html?id=greg-servheen-predation 
Two Mouth Meadow Trail,twomouth-unnamedlake-imag0085,Cow in Rain,mapitem.html?id=twomouth-unnamedlake-imag0085,At The Edge,twomouth-unnamedlake-imag0043,mapitem.html?id=At The Edge,Petrichor,twomouth-unnamedlake-imag0038,mapitem.html?id=twomouth-unnamedlake-imag0038
Two Mouth Meadow Trail,twomouth-unnamedlake-imag0043,At The Edge,mapitem.html?id=twomouth-unnamedlake-imag0043,Trio,twomouth-unnamedlake-imag0052,mapitem.html?id=Trio,Cow in Rain,twomouth-unnamedlake-imag0085,mapitem.html?id=twomouth-unnamedlake-imag0085
Two Mouth Meadow Trail,twomouth-unnamedlake-imag0052,Trio,mapitem.html?id=twomouth-unnamedlake-imag0052,Hikers Approach,twomouth-unnamedlake-imag0118,mapitem.html?id=Hikers Approach,At The Edge,twomouth-unnamedlake-imag0043,mapitem.html?id=twomouth-unnamedlake-imag0043
Two Mouth Meadow Trail,twomouth-unnamedlake-imag0118,Hikers Approach,mapitem.html?id=twomouth-unnamedlake-imag0118,High Noon,twomouth-unnamedlake-imag0123,mapitem.html?id=High Noon,Trio,twomouth-unnamedlake-imag0052,mapitem.html?id=twomouth-unnamedlake-imag0052
Two Mouth Meadow Trail,twomouth-unnamedlake-imag0123,High Noon,mapitem.html?id=twomouth-unnamedlake-imag0123,Moose Silhouette,twomouth-unnamedlake-imag0095,mapitem.html?id=Moose Silhouette,Hikers Approach,twomouth-unnamedlake-imag0118,mapitem.html?id=twomouth-unnamedlake-imag0118
Two Mouth Meadow Trail,twomouth-unnamedlake-imag0095,Moose Silhouette,mapitem.html?id=twomouth-unnamedlake-imag0095,Sleetcam,twomouth-unnamedlake-imag0131,mapitem.html?id=Sleetcam,High Noon,twomouth-unnamedlake-imag0123,mapitem.html?id=twomouth-unnamedlake-imag0123
Two Mouth Meadow Trail,twomouth-unnamedlake-imag0131,Sleetcam,mapitem.html?id=twomouth-unnamedlake-imag0131,Sleetdance,twomouth-unnamedlake-imag0037,mapitem.html?id=Sleetdance,Moose Silhouette,twomouth-unnamedlake-imag0095,mapitem.html?id=twomouth-unnamedlake-imag0095
Two Mouth Meadow Trail,twomouth-unnamedlake-imag0037,Sleetdance,mapitem.html?id=twomouth-unnamedlake-imag0037,Smokey,twomouth-unnamedlake-imag0190,mapitem.html?id=Smokey,Sleetcam,twomouth-unnamedlake-imag0131,mapitem.html?id=twomouth-unnamedlake-imag0131
Two Mouth Meadow Trail,twomouth-unnamedlake-imag0190,Smokey,mapitem.html?id=twomouth-unnamedlake-imag0190,Rich Landers Encounter at Two Mouth Lakes,rich-landers-encounter-two-mouth-lakes,mapitem.html?id=Rich Landers Encounter at Two Mouth Lakes,Sleetdance,twomouth-unnamedlake-imag0037,mapitem.html?id=twomouth-unnamedlake-imag0037
Two Mouth Meadow Trail,rich-landers-encounter-two-mouth-lakes,Rich Landers Encounter at Two Mouth Lakes,,,,,Smokey,twomouth-unnamedlake-imag0190,mapitem.html?id=twomouth-unnamedlake-imag0190
Face-to-Face Loop,schweitzer-mt-encounter,Schweitzer Mt. Encounter,mapitem.html?id=schweitzer-mt-encounter,Camera Assessment ,salmopriest-criticalhabitat-salmodivide535rim-imag0013,mapitem.html?id=salmopriest-criticalhabitat-salmodivide535rim-imag0013,,,
Face-to-Face Loop,salmopriest-criticalhabitat-salmodivide535rim-imag0013,Camera Assessment ,mapitem.html?id=salmopriest-criticalhabitat-salmodivide535rim-imag0013,Chris Head,salmopriest-criticalhabitat-salmodivide535rim-imag0025,mapitem.html?id=salmopriest-criticalhabitat-salmodivide535rim-imag0025,Schweitzer Mt. Encounter,schweitzer-mt-encounter,
Face-to-Face Loop,salmopriest-criticalhabitat-salmodivide535rim-imag0025,Chris Head,mapitem.html?id=salmopriest-criticalhabitat-salmodivide535rim-imag0025,Face,salmopriest-criticalhabitat-salmodivide535rim-imag0082,mapitem.html?id=salmopriest-criticalhabitat-salmodivide535rim-imag0082,Camera Assessment ,salmopriest-criticalhabitat-salmodivide535rim-imag0013,
Face-to-Face Loop,salmopriest-criticalhabitat-salmodivide535rim-imag0082,Face,mapitem.html?id=salmopriest-criticalhabitat-salmodivide535rim-imag0082,Cow on the Loop,salmopriest-criticalhabitat-salmodivide535rim-imag0070,mapitem.html?id=salmopriest-criticalhabitat-salmodivide535rim-imag0070,Chris Head,salmopriest-criticalhabitat-salmodivide535rim-imag0025,
Face-to-Face Loop,salmopriest-criticalhabitat-salmodivide535rim-imag0070,Cow on the Loop,mapitem.html?id=salmopriest-criticalhabitat-salmodivide535rim-imag0070,Coat Shed,salmopriest-criticalhabitat-salmodivide535rim-imag0057,mapitem.html?id=salmopriest-criticalhabitat-salmodivide535rim-imag0057,Face,salmopriest-criticalhabitat-salmodivide535rim-imag0082,
Face-to-Face Loop,salmopriest-criticalhabitat-salmodivide535rim-imag0057,Coat Shed,mapitem.html?id=salmopriest-criticalhabitat-salmodivide535rim-imag0057,Coyote Loop,salmopriest-criticalhabitat-salmodivide535rim-imag0061,mapitem.html?id=salmopriest-criticalhabitat-salmodivide535rim-imag0061,Cow on the Loop,salmopriest-criticalhabitat-salmodivide535rim-imag0070,
Face-to-Face Loop,salmopriest-criticalhabitat-salmodivide535rim-imag0061,Coyote Loop,mapitem.html?id=salmopriest-criticalhabitat-salmodivide535rim-imag0061,Hiker on the Loop,salmopriest-criticalhabitat-salmodivide535rim-imag0109,mapitem.html?id=salmopriest-criticalhabitat-salmodivide535rim-imag0109,Coat Shed,salmopriest-criticalhabitat-salmodivide535rim-imag0057,
Face-to-Face Loop,salmopriest-criticalhabitat-salmodivide535rim-imag0109,Hiker on the Loop,mapitem.html?id=salmopriest-criticalhabitat-salmodivide535rim-imag0109,Bull on the Loop,salmopriest-criticalhabitat-salmodivide535rim-imag0176,mapitem.html?id=salmopriest-criticalhabitat-salmodivide535rim-imag0176,Coyote Loop,salmopriest-criticalhabitat-salmodivide535rim-imag0061,
Face-to-Face Loop,salmopriest-criticalhabitat-salmodivide535rim-imag0176,Bull on the Loop,mapitem.html?id=salmopriest-criticalhabitat-salmodivide535rim-imag0176,Sideways,salmopriest-criticalhabitat-salmodivide535rim-imag0184,mapitem.html?id=salmopriest-criticalhabitat-salmodivide535rim-imag0184,Hiker on the Loop,salmopriest-criticalhabitat-salmodivide535rim-imag0109,
Face-to-Face Loop,salmopriest-criticalhabitat-salmodivide535rim-imag0184,Sideways,mapitem.html?id=salmopriest-criticalhabitat-salmodivide535rim-imag0184,Silhouetted with Subalpine,salmopriest-criticalhabitat-salmodivide535rim-imag0185,mapitem.html?id=salmopriest-criticalhabitat-salmodivide535rim-imag0185,Bull on the Loop,salmopriest-criticalhabitat-salmodivide535rim-imag0176,
Face-to-Face Loop,salmopriest-criticalhabitat-salmodivide535rim-imag0185,Silhouetted with Subalpine,mapitem.html?id=salmopriest-criticalhabitat-salmodivide535rim-imag0185,Brad Smith on Encounter at Beehive Lakes,brad-smith-encounter-beehive-lakes,mapitem.html?id=brad-smith-encounter-beehive-lakes,Sideways,salmopriest-criticalhabitat-salmodivide535rim-imag0184,
Face-to-Face Loop,brad-smith-encounter-beehive-lakes,Brad Smith on Encounter at Beehive Lakes,mapitem.html?id=brad-smith-encounter-beehive-lakes,Chimney Rock Encounter,chimney-rock-encounter,mapitem.html?id=chimney-rock-encounter,Silhouetted with Subalpine,salmopriest-criticalhabitat-salmodivide535rim-imag0185,
Face-to-Face Loop,chimney-rock-encounter,Chimney Rock Encounter,mapitem.html?id=chimney-rock-encounter,Turn Down Your Volume,ballcreek-smallclearing-bullmoosefogscam,mapitem.html?id=ballcreek-smallclearing-bullmoosefogscam,Brad Smith on Encounter at Beehive Lakes,brad-smith-encounter-beehive-lakes,
Face-to-Face Loop,ballcreek-smallclearing-bullmoosefogscam,Turn Down Your Volume,mapitem.html?id=ballcreek-smallclearing-bullmoosefogscam,Behind the Veil ,ballcreek-smallclearing-bullmooseheadinclearingcam,mapitem.html?id=ballcreek-smallclearing-bullmooseheadinclearingcam,Chimney Rock Encounter,chimney-rock-encounter,
Face-to-Face Loop,ballcreek-smallclearing-bullmooseheadinclearingcam,Behind the Veil ,mapitem.html?id=ballcreek-smallclearing-bullmooseheadinclearingcam,Eye to Eye,ballcreek-smallclearing-bullmooseheadclearandcloseup,mapitem.html?id=ballcreek-smallclearing-bullmooseheadclearandcloseup,Turn Down Your Volume,ballcreek-smallclearing-bullmoosefogscam,
Face-to-Face Loop,ballcreek-smallclearing-bullmooseheadclearandcloseup,Eye to Eye,mapitem.html?id=ballcreek-smallclearing-bullmooseheadclearandcloseup,Black Bear Gaze,black-bear-gaze,mapitem.html?id=black-bear-gaze,Behind the Veil ,ballcreek-smallclearing-bullmooseheadinclearingcam,
Face-to-Face Loop,black-bear-gaze,Black Bear Gaze,mapitem.html?id=black-bear-gaze,A Taste,ballcreek-smallclearing-chocolatebearbitescam,mapitem.html?id=ballcreek-smallclearing-chocolatebearbitescam,Eye to Eye,ballcreek-smallclearing-bullmooseheadclearandcloseup,
Face-to-Face Loop,ballcreek-smallclearing-chocolatebearbitescam,A Taste,mapitem.html?id=ballcreek-smallclearing-chocolatebearbitescam,Decker Selfie,ballcreek-smallclearing-deckerselfie,mapitem.html?id=ballcreek-smallclearing-deckerselfie,Black Bear Gaze,black-bear-gaze,
Face-to-Face Loop,ballcreek-smallclearing-deckerselfie,Decker Selfie,mapitem.html?id=ballcreek-smallclearing-deckerselfie,Chocolate Sniffs,ballcreek-smallclearing-chocolatebearsniffscenter,mapitem.html?id=ballcreek-smallclearing-chocolatebearsniffscenter,A Taste,ballcreek-smallclearing-chocolatebearbitescam,
Face-to-Face Loop,ballcreek-smallclearing-chocolatebearsniffscenter,Chocolate Sniffs,mapitem.html?id=ballcreek-smallclearing-chocolatebearsniffscenter,Bull Moose Shoulder Profile ,bull-moose-shoulder-profile-bell-and-wind,mapitem.html?id=bull-moose-shoulder-profile-bell-and-wind,Decker Selfie,ballcreek-smallclearing-deckerselfie,
Face-to-Face Loop,bull-moose-shoulder-profile-bell-and-wind,Bull Moose Shoulder Profile ,mapitem.html?id=bull-moose-shoulder-profile-bell-and-wind,Nervously,ballcreek-smallclearing-whitetaildoewalkingoffnervously,mapitem.html?id=ballcreek-smallclearing-whitetaildoewalkingoffnervously,Chocolate Sniffs,ballcreek-smallclearing-chocolatebearsniffscenter,
Face-to-Face Loop,ballcreek-smallclearing-whitetaildoewalkingoffnervously,Nervously,mapitem.html?id=ballcreek-smallclearing-whitetaildoewalkingoffnervously,Looking Back,ballcreek-smallclearing-bullmoosethrushpeckerlookingback,mapitem.html?id=ballcreek-smallclearing-bullmoosethrushpeckerlookingback,Bull Moose Shoulder Profile ,bull-moose-shoulder-profile-bell-and-wind,
Face-to-Face Loop,ballcreek-smallclearing-bullmoosethrushpeckerlookingback,Looking Back,mapitem.html?id=ballcreek-smallclearing-bullmoosethrushpeckerlookingback,"Larry Jeffries ""I was sitting on the end of a tailgate having lunch...""",larry-jeffries-lunch,,Nervously,ballcreek-smallclearing-whitetaildoewalkingoffnervously,
Face-to-Face Loop,larry-jeffries-lunch,"Larry Jeffries ""I was sitting on the end of a tailgate having lunch...""",,,,,Looking Back,ballcreek-smallclearing-bullmoosethrushpeckerlookingback,